name,level,published,created_on,review_count,avg_rating
moistful,2,True,2019-12-17,6,3.8333
myalgia,1,True,2019-12-17,6,2.1667
phasmatrope,2,True,2019-12-17,2,3.0
cacochroia,1,True,2019-12-17,3,2.6667
retrofracted,2,True,2019-12-17,3,3.0
chartographist,1,True,2019-12-17,2,1.5
breakable,2,True,2019-12-17,1,4.0
astrologistic,0,True,2019-12-17,4,3.25
tetraptote,2,True,2019-12-17,6,3.3333
cacotrophia,0,True,2019-12-17,2,1.5
exsibilate,2,True,2019-12-17,4,3.0
celebrant,0,True,2019-12-17,7,3.4286
Gemmingia,1,True,2019-12-17,2,1.5
plumatellid,0,True,2019-12-17,2,3.0
misdecision,2,True,2019-12-17,2,2.0
Trithrinax,1,True,2019-12-17,2,3.0
compilement,2,True,2019-12-17,4,2.25
overdestructive,1,True,2019-12-17,1,4.0
ental,2,True,2019-12-17,3,2.3333
slour,2,True,2019-12-17,3,2.6667
yajnopavita,2,True,2019-12-17,6,3.5
competent,1,True,2019-12-17,5,2.8
holdable,0,True,2019-12-17,2,1.5
convenience,2,True,2019-12-17,3,2.3333
cartographical,0,True,2019-12-17,1,1.0
Lucayan,1,True,2019-12-17,4,2.0
protopectinase,2,True,2019-12-17,2,4.0
chlorinator,0,True,2019-12-17,4,3.0
paleness,1,True,2019-12-17,5,1.4
impermeability,2,True,2019-12-17,2,3.0
nob,0,True,2019-12-17,4,2.0
untorrid,1,True,2019-12-17,1,2.0
indeed,0,True,2019-12-17,4,2.5
acanthial,0,True,2019-12-17,4,2.75
tectorial,2,True,2019-12-17,4,3.5
redraft,2,True,2019-12-17,2,2.5
mordantly,2,True,2019-12-17,1,3.0
overrack,0,True,2019-12-17,3,4.0
thiostannous,2,True,2019-12-17,3,3.3333
refractometry,1,True,2019-12-17,3,2.0
esugarization,1,True,2019-12-17,4,2.25
invitingness,2,True,2019-12-17,4,3.75
anorthose,2,True,2019-12-17,10,3.3
wulfenite,0,True,2019-12-17,3,1.6667
ponderously,2,True,2019-12-17,6,4.0
freaky,1,True,2019-12-17,1,3.0
sudoral,1,True,2019-12-17,5,3.6
payee,2,True,2019-12-17,3,3.0
unirradiated,0,True,2019-12-17,5,2.0
unstifled,1,True,2019-12-17,3,4.3333
galactodensimeter,2,True,2019-12-17,4,3.5
nirvana,2,True,2019-12-17,2,4.0
ethnogeographer,2,True,2019-12-17,5,2.6
achroma,1,True,2019-12-17,3,3.0
niter,1,True,2019-12-17,3,3.3333
brachistochronous,0,True,2019-12-17,2,3.5
cantilene,1,True,2019-12-17,1,2.0
Troglodytes,2,True,2019-12-17,3,2.6667
normalist,2,True,2019-12-17,1,5.0
sombrously,2,True,2019-12-17,2,2.5
pulsatile,1,True,2019-12-17,2,4.5
unextinct,0,True,2019-12-17,2,3.0
Caranga,2,True,2019-12-17,1,2.0
burdenless,1,True,2019-12-17,2,2.0
casket,0,True,2019-12-17,1,4.0
enteraden,0,True,2019-12-17,5,3.6
fretted,1,True,2019-12-17,2,4.0
carrot,1,True,2019-12-17,6,2.6667
inspiratrix,1,True,2019-12-17,4,3.25
gallium,0,True,2019-12-17,5,2.6
perfectionator,2,True,2019-12-17,1,3.0
taw,1,True,2019-12-17,2,3.0
anteversion,1,True,2019-12-17,3,3.0
sporadically,2,True,2019-12-17,2,3.0
predeclaration,1,True,2019-12-17,3,2.6667
Neowashingtonia,0,True,2019-12-17,5,2.8
rambling,1,True,2019-12-17,4,3.5
rayed,0,True,2019-12-17,2,2.5
intussusception,1,True,2019-12-17,2,1.5
taximeter,1,True,2019-12-17,5,3.4
recomember,2,True,2019-12-17,5,3.8
expirable,1,True,2019-12-17,5,2.8
revengingly,1,True,2019-12-17,4,1.75
precentrum,0,True,2019-12-17,1,5.0
trapezial,0,True,2019-12-17,5,2.6
Bupleurum,1,True,2019-12-17,1,5.0
untruthfully,2,True,2019-12-17,7,2.2857
unsolar,0,True,2019-12-17,2,2.5
consummately,0,True,2019-12-17,4,2.75
Valkyria,2,True,2019-12-17,3,2.0
Henrietta,1,True,2019-12-17,4,3.0
nonslaveholding,0,True,2019-12-17,4,1.5
constitutionalist,0,True,2019-12-17,1,4.0
candor,1,True,2019-12-17,4,3.5
chlorocruorin,1,True,2019-12-17,2,3.0
octahedrite,1,True,2019-12-17,3,4.3333
diversisporous,1,True,2019-12-17,3,4.6667
restore,0,True,2019-12-17,1,4.0
Conularia,0,True,2019-12-17,5,2.2
saut,0,True,2019-12-17,3,2.0
afforcement,0,True,2019-12-17,3,2.6667
indicate,1,True,2019-12-17,2,1.5
taxinomic,0,True,2019-12-17,2,4.0
valval,1,True,2019-12-17,1,1.0
upcry,2,True,2019-12-17,2,2.0
jackweed,0,True,2019-12-17,5,3.6
ignite,1,True,2019-12-17,2,1.5
tanti,1,True,2019-12-17,4,3.0
jarless,2,True,2019-12-17,3,3.3333
refold,2,True,2019-12-17,3,3.0
trihydrol,1,True,2019-12-17,2,2.5
sesqui,0,True,2019-12-17,4,3.5
cowish,2,True,2019-12-17,4,2.25
faggery,2,True,2019-12-17,1,4.0
Seleucidic,1,True,2019-12-17,1,2.0
insititious,2,True,2019-12-17,5,2.2
syndesmology,0,True,2019-12-17,3,4.3333
chakari,0,True,2019-12-17,4,2.75
Honduranean,1,True,2019-12-17,4,3.25
parapleuritis,2,True,2019-12-17,3,3.6667
bricktimber,2,True,2019-12-17,8,3.625
habitacule,2,True,2019-12-17,4,3.0
unreproachful,1,True,2019-12-17,3,3.0
caponier,1,True,2019-12-17,2,2.0
Isopleura,1,True,2019-12-17,5,3.2
oxytoluene,1,True,2019-12-17,2,4.5
revealment,2,True,2019-12-17,3,3.0
Noachian,0,True,2019-12-17,5,4.0
usurper,0,True,2019-12-17,5,3.6
clarshech,0,True,2019-12-17,4,3.25
infiltration,2,True,2019-12-17,4,3.5
vitalizing,0,True,2019-12-17,5,3.4
damageability,0,True,2019-12-17,3,2.3333
lob,0,True,2019-12-17,1,1.0
outcropper,0,True,2019-12-17,1,5.0
shikken,1,True,2019-12-17,2,3.0
minuetic,2,True,2019-12-17,1,2.0
distress,0,True,2019-12-17,1,5.0
baryphonia,1,True,2019-12-17,3,3.6667
ovicapsular,1,True,2019-12-17,2,2.0
coquito,2,True,2019-12-17,1,4.0
Agrauleum,0,True,2019-12-17,2,3.5
subconscience,1,True,2019-12-17,3,3.3333
unstrain,0,True,2019-12-17,1,3.0
ramentiferous,1,True,2019-12-17,3,4.3333
hydrula,0,True,2019-12-17,2,1.5
byrewoman,1,True,2019-12-17,2,3.5
slackener,2,True,2019-12-17,4,2.5
peristeronic,1,True,2019-12-17,2,2.5
intramembranous,1,True,2019-12-17,5,3.0
Paisley,0,True,2019-12-17,2,4.5
pentremital,2,True,2019-12-17,5,2.2
Pacchionian,1,True,2019-12-17,2,4.5
cyanacetic,0,True,2019-12-17,4,3.75
unfrigid,0,True,2019-12-17,2,3.0
erne,2,True,2019-12-17,2,1.5
staphyloptosia,1,True,2019-12-17,1,2.0
doveflower,0,True,2019-12-17,4,3.25
monocle,1,True,2019-12-17,4,3.75
Tammy,1,True,2019-12-17,5,3.2
holohedrism,0,True,2019-12-17,5,2.8
unintermittingly,0,True,2019-12-17,5,1.8
equangular,0,True,2019-12-17,3,3.3333
substituent,2,True,2019-12-17,4,4.0
actinostomal,1,True,2019-12-17,4,3.0
jammedness,1,True,2019-12-17,2,2.0
contextual,1,True,2019-12-17,1,2.0
regrede,0,True,2019-12-17,2,3.5
ferrosilicon,2,True,2019-12-17,2,3.0
excursional,1,True,2019-12-17,3,3.0
Akiskemikinik,2,True,2019-12-17,5,2.2
ergotin,2,True,2019-12-17,2,2.0
pentadactyl,2,True,2019-12-17,6,2.8333
pathoanatomy,0,True,2019-12-17,6,3.3333
egomaniacal,0,True,2019-12-17,3,2.3333
antra,2,True,2019-12-17,5,3.0
tetraodont,2,True,2019-12-17,3,2.3333
coprophagia,0,True,2019-12-17,1,5.0
irremissive,1,True,2019-12-17,2,3.5
aware,1,True,2019-12-17,5,2.8
misadvice,0,True,2019-12-17,6,2.3333
Zaparan,1,True,2019-12-17,3,2.3333
upping,0,True,2019-12-17,1,5.0
faintheartedness,1,True,2019-12-17,3,2.0
retoother,0,True,2019-12-17,4,3.0
parchmenty,0,True,2019-12-17,3,2.3333
reamendment,1,True,2019-12-17,5,2.0
rebound,2,True,2019-12-17,2,2.5
plectrum,1,True,2019-12-17,4,4.5
watersmeet,0,True,2019-12-17,2,1.5
undersaturation,1,True,2019-12-17,4,2.75
whenso,0,True,2019-12-17,2,4.0
shallows,1,True,2019-12-17,1,1.0
nonimpact,1,True,2019-12-17,3,3.6667
menometastasis,0,True,2019-12-17,7,2.8571
impeachable,2,True,2019-12-17,3,3.0
uncheerfulness,2,True,2019-12-17,1,3.0
imperturbability,0,True,2019-12-17,2,4.5
animatograph,1,True,2019-12-17,4,3.25
ambilaterality,0,True,2019-12-17,1,1.0
hoarding,1,True,2019-12-17,4,3.25
dehypnotize,2,True,2019-12-17,3,3.6667
winterbloom,0,True,2019-12-17,2,3.5
simulioid,2,True,2019-12-17,4,3.25
vexed,2,True,2019-12-17,1,1.0
brombenzene,1,True,2019-12-17,3,2.3333
ledging,1,True,2019-12-17,4,2.5
flauntiness,1,True,2019-12-17,4,3.25
hillocky,2,True,2019-12-17,5,2.0
broadpiece,1,True,2019-12-17,3,3.6667
unchanted,2,True,2019-12-17,1,3.0
psalter,0,True,2019-12-17,4,1.5
antinial,0,True,2019-12-17,7,2.5714
Lernaeidae,1,True,2019-12-17,4,2.5
asseveratively,2,True,2019-12-17,4,3.25
reddishness,1,True,2019-12-17,3,3.0
soothsaying,1,True,2019-12-17,2,3.5
tossment,0,True,2019-12-17,2,4.0
Herculanian,1,True,2019-12-17,1,2.0
ceil,1,True,2019-12-17,6,2.6667
motional,0,True,2019-12-17,2,1.5
phenomena,0,True,2019-12-17,1,3.0
overbalm,1,True,2019-12-17,1,1.0
hymnologically,2,True,2019-12-17,5,2.4
bungfu,1,True,2019-12-17,6,2.6667
unsafeness,2,True,2019-12-17,4,3.0
Amphibiotica,1,True,2019-12-17,1,5.0
ganggang,2,True,2019-12-17,1,4.0
physeterine,2,True,2019-12-17,2,5.0
hushedly,2,True,2019-12-17,1,2.0
antiepileptic,2,True,2019-12-17,5,3.2
usucaption,0,True,2019-12-17,2,2.5
endarch,2,True,2019-12-17,3,2.0
automatically,1,True,2019-12-17,4,2.5
diaconicum,0,True,2019-12-17,5,2.6
Carnacian,2,True,2019-12-17,1,2.0
boodledom,2,True,2019-12-17,3,2.0
Distomidae,1,True,2019-12-17,3,2.0
repellency,1,True,2019-12-17,2,4.0
overplace,2,True,2019-12-17,2,3.0
physiognomonic,1,True,2019-12-17,2,4.0
unresistedly,1,True,2019-12-17,1,3.0
hyperglycorrhachia,2,True,2019-12-17,1,5.0
postpositively,0,True,2019-12-17,5,4.2
recompetition,2,True,2019-12-17,7,3.4286
porrectus,0,True,2019-12-17,4,1.75
butterman,2,True,2019-12-17,3,2.6667
duskness,1,True,2019-12-17,3,3.3333
ungnaw,1,True,2019-12-17,1,4.0
bibliopolist,2,True,2019-12-17,3,4.0
nystagmic,2,True,2019-12-17,3,2.3333
cherisher,2,True,2019-12-17,2,4.5
semistriate,1,True,2019-12-17,1,1.0
platosamine,0,True,2019-12-17,3,3.0
physicochemical,0,True,2019-12-17,2,3.5
reassumption,2,True,2019-12-17,4,2.5
intermetameric,1,True,2019-12-17,3,4.0
athlothetes,0,True,2019-12-17,2,3.0
homotypal,0,True,2019-12-17,2,3.5
unalleviably,2,True,2019-12-17,1,5.0
psalis,0,True,2019-12-17,2,1.5
wrainstaff,0,True,2019-12-17,4,2.75
club,2,True,2019-12-17,5,2.6
heterophemize,1,True,2019-12-17,2,1.0
Cataian,2,True,2019-12-17,5,1.6
photospectroscopy,0,True,2019-12-17,4,4.25
outbetter,0,True,2019-12-17,3,2.3333
Islamitic,1,True,2019-12-17,4,2.75
unvoracious,1,True,2019-12-17,4,2.75
examinate,0,True,2019-12-17,1,4.0
progenitorial,1,True,2019-12-17,2,2.5
iodomercuriate,2,True,2019-12-17,1,4.0
warrer,1,True,2019-12-17,2,2.0
townishly,2,True,2019-12-17,3,2.6667
leafcup,1,True,2019-12-17,1,2.0
planetologic,1,True,2019-12-17,4,2.25
Holosiphona,0,True,2019-12-17,1,1.0
cinchonization,0,True,2019-12-17,3,5.0
helotomy,0,True,2019-12-17,3,2.6667
tympaniform,0,True,2019-12-17,5,2.4
arecaidine,2,True,2019-12-17,9,2.2222
sicker,0,True,2019-12-17,4,2.5
urodialysis,2,True,2019-12-17,3,3.0
livingstoneite,1,True,2019-12-17,1,2.0
nuddle,0,True,2019-12-17,3,3.6667
siphonless,2,True,2019-12-17,2,4.5
anaerobiosis,2,True,2019-12-17,4,2.5
Kikuyu,0,True,2019-12-17,4,3.25
semitendinous,0,True,2019-12-17,1,1.0
flavorless,2,True,2019-12-17,2,2.0
unsomatic,0,True,2019-12-17,4,1.75
exocrine,2,True,2019-12-17,4,4.0
Thymallidae,2,True,2019-12-17,1,1.0
Madelon,2,True,2019-12-17,2,2.5
coenesthesis,0,True,2019-12-17,1,1.0
counterreform,2,True,2019-12-17,1,1.0
sporicide,0,True,2019-12-17,2,2.5
partiality,2,True,2019-12-17,4,3.25
peropodous,2,True,2019-12-17,2,4.5
supernalize,0,True,2019-12-17,1,3.0
doucely,2,True,2019-12-17,2,5.0
paltrily,2,True,2019-12-17,2,2.5
octad,2,True,2019-12-17,3,2.3333
Galbulae,2,True,2019-12-17,4,2.5
sluggardry,2,True,2019-12-17,5,3.4
treacle,0,True,2019-12-17,3,2.6667
glyoxalic,0,True,2019-12-17,7,2.8571
bus,1,True,2019-12-17,4,3.75
noncertified,1,True,2019-12-17,4,2.75
ruinatious,0,True,2019-12-17,6,3.5
endways,0,True,2019-12-17,4,3.75
gorgerin,2,True,2019-12-17,4,3.5
larcenish,1,True,2019-12-17,5,4.0
Proteosoma,2,True,2019-12-17,4,3.25
unconcertable,1,True,2019-12-17,4,2.25
overequal,2,True,2019-12-17,1,1.0
renewability,0,True,2019-12-17,1,5.0
nonprofit,1,True,2019-12-17,4,2.75
oblatory,1,True,2019-12-17,2,1.0
anticouncil,1,True,2019-12-17,6,2.6667
baccarat,0,True,2019-12-17,1,1.0
narrowly,0,True,2019-12-17,3,4.0
ninetyish,0,True,2019-12-17,4,2.0
propaedeutics,1,True,2019-12-17,2,4.0
uteri,1,True,2019-12-17,2,2.5
fossilism,2,True,2019-12-17,3,4.0
heteroousious,0,True,2019-12-17,1,3.0
semifistular,0,True,2019-12-17,4,2.25
Tagal,1,True,2019-12-17,3,3.0
Vedic,2,True,2019-12-17,4,2.75
electrofuse,2,True,2019-12-17,4,3.25
rivage,2,True,2019-12-17,2,1.5
loro,0,True,2019-12-17,3,4.6667
Buxaceae,0,True,2019-12-17,2,3.0
unmature,1,True,2019-12-17,3,4.3333
moonshiner,1,True,2019-12-17,2,2.0
predecay,1,True,2019-12-17,1,5.0
psychoanalytic,1,True,2019-12-17,4,3.25
tentwise,1,True,2019-12-17,3,4.0
mimotypic,0,True,2019-12-17,2,2.0
aphtha,1,True,2019-12-17,3,3.0
monandry,1,True,2019-12-17,3,3.3333
innascible,1,True,2019-12-17,4,3.5
iliac,1,True,2019-12-17,5,2.4
dirtily,1,True,2019-12-17,2,3.5
ultraimpersonal,1,True,2019-12-17,3,4.6667
siphonophoran,1,True,2019-12-17,3,3.6667
prospicience,1,True,2019-12-17,6,3.3333
warblet,0,True,2019-12-17,6,2.5
Crete,0,True,2019-12-17,3,3.3333
stonemasonry,0,True,2019-12-17,1,3.0
unshapenness,2,True,2019-12-17,3,2.6667
alternatively,0,True,2019-12-17,2,4.0
pygidial,1,True,2019-12-17,2,4.0
suturation,2,True,2019-12-17,2,3.0
unjewelled,0,True,2019-12-17,1,2.0
barad,1,True,2019-12-17,3,1.3333
statutably,0,True,2019-12-17,3,4.0
ungrammaticism,0,True,2019-12-17,2,3.0
supracaecal,1,True,2019-12-17,3,4.6667
attar,2,True,2019-12-17,2,1.5
forestage,2,True,2019-12-17,1,4.0
success,0,True,2019-12-17,2,1.5
pilgrimdom,0,True,2019-12-17,2,4.0
Avery,1,True,2019-12-17,4,3.25
doctorization,2,True,2019-12-17,1,3.0
slide,1,True,2019-12-17,3,3.3333
seditious,0,True,2019-12-17,6,3.8333
subquestion,0,True,2019-12-17,3,4.0
mesmerization,0,True,2019-12-17,4,3.25
unhafted,2,True,2019-12-17,2,3.5
eldin,2,True,2019-12-17,3,3.3333
tobogganist,2,True,2019-12-17,3,3.0
jowler,1,True,2019-12-17,1,1.0
flouncey,0,True,2019-12-17,5,2.8
misinflame,2,True,2019-12-17,5,2.4
tightwad,1,True,2019-12-17,1,3.0
preregulation,0,True,2019-12-17,3,2.3333
unwhelped,2,True,2019-12-17,3,3.3333
piaba,2,True,2019-12-17,4,2.25
cobreathe,1,True,2019-12-17,3,4.3333
barmcloth,2,True,2019-12-17,3,3.0
marmot,1,True,2019-12-17,1,2.0
subjectivistically,1,True,2019-12-17,6,3.8333
wrist,1,True,2019-12-17,3,4.0
lareabell,1,True,2019-12-17,3,2.3333
upsteam,1,True,2019-12-17,4,3.25
phrenicogastric,0,True,2019-12-17,2,1.5
Arneb,1,True,2019-12-17,2,1.5
dungy,2,True,2019-12-17,8,2.75
photomagnetism,2,True,2019-12-17,5,3.2
mandarah,0,True,2019-12-17,1,1.0
beode,2,True,2019-12-17,2,5.0
uncomputably,1,True,2019-12-17,2,2.5
knightlike,1,True,2019-12-17,5,4.0
stiffleg,2,True,2019-12-17,2,2.5
unauthorizable,2,True,2019-12-17,5,3.6
cerealin,0,True,2019-12-17,4,2.0
retentiveness,0,True,2019-12-17,3,4.0
unenvenomed,0,True,2019-12-17,1,5.0
Capetian,0,True,2019-12-17,3,2.6667
rooker,1,True,2019-12-17,4,2.75
idioelectrical,0,True,2019-12-17,1,1.0
delusion,2,True,2019-12-17,3,3.3333
verecundity,2,True,2019-12-17,6,2.5
mincing,1,True,2019-12-17,4,3.5
scelerat,2,True,2019-12-17,1,3.0
bedaub,1,True,2019-12-17,1,3.0
dermolysis,0,True,2019-12-17,4,4.5
whiskerer,2,True,2019-12-17,2,3.5
encincture,2,True,2019-12-17,1,5.0
rickyard,0,True,2019-12-17,2,2.0
musculoarterial,1,True,2019-12-17,2,3.0
undiversified,2,True,2019-12-17,4,2.0
periovular,1,True,2019-12-17,2,2.0
aerophile,1,True,2019-12-17,3,4.0
bronco,1,True,2019-12-17,2,4.5
byordinar,0,True,2019-12-17,3,3.3333
soughing,0,True,2019-12-17,3,2.0
reambitious,1,True,2019-12-17,2,4.0
concrescence,0,True,2019-12-17,4,3.25
Astylosternus,2,True,2019-12-17,3,3.0
subnascent,1,True,2019-12-17,2,4.0
astrocytomata,0,True,2019-12-17,6,3.1667
aeciotelium,1,True,2019-12-17,1,5.0
aqueduct,0,True,2019-12-17,3,2.6667
maleficiation,0,True,2019-12-17,3,3.3333
liking,1,True,2019-12-17,1,5.0
uranoscopy,2,True,2019-12-17,2,3.0
Guyandot,1,True,2019-12-17,2,3.0
toxodont,1,True,2019-12-17,2,2.5
overprizer,1,True,2019-12-17,1,5.0
subduple,2,True,2019-12-17,3,3.6667
spermatozoan,0,True,2019-12-17,3,3.6667
olfactory,2,True,2019-12-17,2,3.5
monogonoporous,0,True,2019-12-17,3,3.0
seel,2,True,2019-12-17,4,4.0
uroacidimeter,1,True,2019-12-17,2,2.5
Scleroderma,0,True,2019-12-17,5,3.4
prepurchaser,1,True,2019-12-17,2,2.0
untaking,2,True,2019-12-17,4,3.5
Stylaster,1,True,2019-12-17,4,4.0
uncoronated,2,True,2019-12-17,6,3.5
consumpt,2,True,2019-12-17,2,1.0
fictionization,1,True,2019-12-17,3,2.6667
gammelost,2,True,2019-12-17,3,3.0
decolorimeter,1,True,2019-12-17,1,2.0
Cerberus,0,True,2019-12-17,2,2.0
multangulum,2,True,2019-12-17,3,2.6667
mohnseed,1,True,2019-12-17,5,2.2
concretely,1,True,2019-12-17,4,2.75
overgratitude,2,True,2019-12-17,2,5.0
witling,1,True,2019-12-17,3,3.0
offendable,0,True,2019-12-17,2,2.5
teacher,0,True,2019-12-17,3,3.3333
ovine,2,True,2019-12-17,4,1.75
tagtail,2,True,2019-12-17,3,1.6667
goliardic,2,True,2019-12-17,3,3.6667
coattail,1,True,2019-12-17,2,2.5
Hilarytide,0,True,2019-12-17,4,3.75
sismotherapy,2,True,2019-12-17,5,3.4
archpoet,1,True,2019-12-17,3,3.0
aphorismos,1,True,2019-12-17,4,2.5
fantasque,0,True,2019-12-17,4,3.25
fibered,1,True,2019-12-17,1,5.0
Brava,0,True,2019-12-17,3,4.0
phylactic,1,True,2019-12-17,2,1.5
musical,0,True,2019-12-17,5,3.8
unfunniness,2,True,2019-12-17,2,3.0
shoalwise,2,True,2019-12-17,4,3.75
paucinervate,1,True,2019-12-17,4,3.5
homeopath,2,True,2019-12-17,8,2.25
bursicle,0,True,2019-12-17,7,2.2857
wand,0,True,2019-12-17,1,2.0
Leptomonas,2,True,2019-12-17,3,3.6667
Crassulaceae,1,True,2019-12-17,2,3.5
pavonine,0,True,2019-12-17,4,2.75
panoplied,0,True,2019-12-17,4,4.0
fruitlet,1,True,2019-12-17,2,2.0
toxophilitism,0,True,2019-12-17,4,4.25
rationment,0,True,2019-12-17,2,3.0
apoplectically,2,True,2019-12-17,4,3.25
aspiringly,0,True,2019-12-17,2,1.0
aroon,1,True,2019-12-17,1,4.0
metallurgist,0,True,2019-12-17,4,2.75
uncircumcisedness,2,True,2019-12-17,3,4.0
rabbinist,0,True,2019-12-17,5,3.0
jinshang,1,True,2019-12-17,5,3.2
swellishness,1,True,2019-12-17,2,4.0
nonclergyable,1,True,2019-12-17,5,2.8
bandicoy,1,True,2019-12-17,2,2.0
micromesentery,2,True,2019-12-17,3,2.0
loyalness,0,True,2019-12-17,1,1.0
unmemoried,2,True,2019-12-17,2,3.0
anticarious,0,True,2019-12-17,4,3.5
preformism,2,True,2019-12-17,3,3.6667
prayful,0,True,2019-12-17,2,3.0
unbastinadoed,0,True,2019-12-17,4,3.5
soapmaker,0,True,2019-12-17,5,3.0
estrange,2,True,2019-12-17,4,3.25
ornithodelph,1,True,2019-12-17,5,2.6
Hadromerina,0,True,2019-12-17,2,3.0
siphonostele,0,True,2019-12-17,5,3.4
urgence,1,True,2019-12-17,3,3.0
knell,0,True,2019-12-17,2,3.5
despisal,0,True,2019-12-17,5,3.0
Antigonon,2,True,2019-12-17,3,3.3333
sunfish,1,True,2019-12-17,6,2.5
infanthood,1,True,2019-12-17,2,3.0
theanthropy,2,True,2019-12-17,1,3.0
Tecoma,2,True,2019-12-17,1,5.0
Aramaism,2,True,2019-12-17,4,1.75
autophotometry,1,True,2019-12-17,6,2.8333
haily,1,True,2019-12-17,3,4.0
unsaturation,0,True,2019-12-17,2,2.0
nonconstruable,2,True,2019-12-17,4,3.0
counterdigged,1,True,2019-12-17,3,2.0
captious,2,True,2019-12-17,1,5.0
soliloquacious,0,True,2019-12-17,2,3.0
impressiveness,2,True,2019-12-17,1,5.0
James,2,True,2019-12-17,1,4.0
syllogist,2,True,2019-12-17,5,2.2
antilemic,1,True,2019-12-17,2,3.0
retrievableness,0,True,2019-12-17,1,2.0
decumbent,0,True,2019-12-17,3,2.3333
iodospongin,2,True,2019-12-17,2,4.5
fettler,0,True,2019-12-17,4,2.75
nonsuggestion,2,True,2019-12-17,1,4.0
inpensioner,1,True,2019-12-17,4,3.5
Squalus,0,True,2019-12-17,2,5.0
ornithophily,1,True,2019-12-17,3,2.6667
Panorpidae,0,True,2019-12-17,1,4.0
proreservationist,0,True,2019-12-17,3,1.3333
goddaughter,1,True,2019-12-17,2,3.5
predominantly,1,True,2019-12-17,1,3.0
rotating,1,True,2019-12-17,3,2.6667
spikenard,1,True,2019-12-17,3,2.0
Ceratostomataceae,2,True,2019-12-17,3,1.6667
Tetragoniaceae,0,True,2019-12-17,3,4.0
pathogenetic,1,True,2019-12-17,3,2.3333
typhloempyema,2,True,2019-12-17,3,2.3333
autostyly,0,True,2019-12-17,6,3.5
Aira,0,True,2019-12-17,4,2.5
Pretenderism,2,True,2019-12-17,3,3.0
asphyxiation,2,True,2019-12-17,3,2.0
counterclaim,1,True,2019-12-17,4,2.0
knotwork,2,True,2019-12-17,1,5.0
cashcuttee,0,True,2019-12-17,2,3.0
unbonny,0,True,2019-12-17,4,2.25
languaged,0,True,2019-12-17,4,4.0
banco,1,True,2019-12-17,3,3.6667
ketonize,2,True,2019-12-17,4,3.5
complement,0,True,2019-12-17,3,4.0
Moattalite,2,True,2019-12-17,4,3.25
planching,1,True,2019-12-17,3,2.3333
plasterlike,1,True,2019-12-17,4,3.5
archantagonist,2,True,2019-12-17,3,5.0
syphilous,2,True,2019-12-17,2,3.0
postnatal,0,True,2019-12-17,5,3.0
misteach,0,True,2019-12-17,4,3.75
phloeophagous,1,True,2019-12-17,4,3.0
subchela,2,True,2019-12-17,3,2.3333
conacre,2,True,2019-12-17,2,1.0
marginiform,2,True,2019-12-17,3,4.3333
clerking,1,True,2019-12-17,8,2.875
gymnospermal,2,True,2019-12-17,1,5.0
inferno,0,True,2019-12-17,4,3.25
rephrase,0,True,2019-12-17,3,2.0
pejorism,0,True,2019-12-17,5,3.8
everyday,1,True,2019-12-17,4,4.75
neurotization,1,True,2019-12-17,2,4.0
mushheaded,0,True,2019-12-17,3,1.3333
evenblush,2,True,2019-12-17,2,2.5
clavelize,2,True,2019-12-17,2,2.0
scapuloradial,0,True,2019-12-17,2,2.0
bitters,2,True,2019-12-17,2,3.5
gutter,0,True,2019-12-17,2,1.5
pyroguaiacin,2,True,2019-12-17,4,3.25
astragalotibial,2,True,2019-12-17,3,3.0
pneomanometer,2,True,2019-12-17,4,1.75
lamentable,2,True,2019-12-17,2,3.5
lucubrator,2,True,2019-12-17,3,2.6667
sclerenchyma,1,True,2019-12-17,2,2.5
scind,0,True,2019-12-17,2,4.0
phalansterianism,0,True,2019-12-17,3,2.3333
songcraft,1,True,2019-12-17,2,3.0
putricide,0,True,2019-12-17,4,2.75
violent,1,True,2019-12-17,5,4.2
azoxytoluidine,2,True,2019-12-17,3,3.0
retroinsular,1,True,2019-12-17,2,4.5
dyscrasial,0,True,2019-12-17,2,3.5
payable,0,True,2019-12-17,4,2.5
tiralee,2,True,2019-12-17,2,2.5
Merops,2,True,2019-12-17,2,1.0
Tat,0,True,2019-12-17,3,2.6667
pishaug,0,True,2019-12-17,5,3.2
bewitchment,2,True,2019-12-17,4,4.0
insense,2,True,2019-12-17,3,2.3333
bronchoblennorrhea,0,True,2019-12-17,2,2.0
zoothecia,0,True,2019-12-17,7,3.8571
pentalobate,0,True,2019-12-17,2,2.5
melanoscope,2,True,2019-12-17,1,4.0
nonappearing,1,True,2019-12-17,1,5.0
hieratic,1,True,2019-12-17,3,3.3333
demiplacate,0,True,2019-12-17,3,4.0
bachelordom,1,True,2019-12-17,6,2.6667
oxycamphor,2,True,2019-12-17,7,4.0
stipulatory,1,True,2019-12-17,4,2.5
anthropomorphite,0,True,2019-12-17,5,3.2
interrelatedness,1,True,2019-12-17,2,2.5
Cristivomer,2,True,2019-12-17,4,3.25
supportive,2,True,2019-12-17,3,2.0
orthotonus,1,True,2019-12-17,4,2.75
scarface,2,True,2019-12-17,1,2.0
unfertileness,1,True,2019-12-17,5,2.6
revibration,2,True,2019-12-17,2,2.0
tracheoscopist,0,True,2019-12-17,4,3.5
gone,0,True,2019-12-17,6,2.1667
overwrought,1,True,2019-12-17,2,3.0
allopathy,1,True,2019-12-17,3,4.6667
kubba,0,True,2019-12-17,3,3.0
recappable,0,True,2019-12-17,1,3.0
sonhood,0,True,2019-12-17,1,1.0
protozoologist,1,True,2019-12-17,4,2.25
sciamachy,0,True,2019-12-17,1,2.0
rhabdomantic,2,True,2019-12-17,3,2.6667
Malayize,2,True,2019-12-17,1,3.0
Occidentalist,0,True,2019-12-17,1,1.0
dendrocoele,0,True,2019-12-17,2,3.0
coconsciousness,2,True,2019-12-17,5,4.0
unevoked,0,True,2019-12-17,1,5.0
plainly,2,True,2019-12-17,3,4.0
talonic,1,True,2019-12-17,1,2.0
hypsoisotherm,0,True,2019-12-17,2,3.5
brieflessness,1,True,2019-12-17,4,3.0
unproud,2,True,2019-12-17,3,2.6667
counterreply,1,True,2019-12-17,1,1.0
ambivert,1,True,2019-12-17,4,3.0
roub,2,True,2019-12-17,1,5.0
dichromate,0,True,2019-12-17,5,3.0
Metridium,2,True,2019-12-17,3,3.0
teaser,2,True,2019-12-17,3,3.6667
sifflot,2,True,2019-12-17,4,4.25
dabbling,0,True,2019-12-17,1,3.0
bask,0,True,2019-12-17,4,4.25
gorilloid,1,True,2019-12-17,2,2.0
kingdomless,2,True,2019-12-17,3,2.0
accretive,0,True,2019-12-17,4,3.75
Mombottu,2,True,2019-12-17,5,3.6
rondellier,0,True,2019-12-17,3,1.6667
morph,0,True,2019-12-17,1,1.0
mitotic,0,True,2019-12-17,4,3.5
lumper,0,True,2019-12-17,2,4.0
reproachably,2,True,2019-12-17,1,5.0
syngamic,0,True,2019-12-17,4,3.0
intransmutability,1,True,2019-12-17,8,3.375
Culex,1,True,2019-12-17,2,1.5
deflect,1,True,2019-12-17,3,3.3333
unobediently,1,True,2019-12-17,2,3.0
unplacable,1,True,2019-12-17,3,2.3333
hydropneumothorax,1,True,2019-12-17,2,3.5
ratafia,0,True,2019-12-17,1,3.0
soporose,1,True,2019-12-17,3,2.6667
soapfish,0,True,2019-12-17,3,4.0
heresiologer,0,True,2019-12-17,1,1.0
Micropterus,1,True,2019-12-17,2,3.5
phosphorhidrosis,0,True,2019-12-17,4,2.25
taking,1,True,2019-12-17,2,2.0
giganticidal,2,True,2019-12-17,6,2.3333
cryingly,2,True,2019-12-17,8,3.375
ninetieth,1,True,2019-12-17,2,3.0
bewailable,0,True,2019-12-17,3,1.6667
figural,2,True,2019-12-17,5,2.8
intercross,0,True,2019-12-17,2,3.0
deash,0,True,2019-12-17,1,4.0
miscorrection,2,True,2019-12-17,3,3.3333
thermostatics,1,True,2019-12-17,1,1.0
orrery,1,True,2019-12-17,3,4.6667
Andromede,2,True,2019-12-17,2,3.5
chesser,0,True,2019-12-17,4,4.0
suburbanly,0,True,2019-12-17,6,3.0
prickliness,0,True,2019-12-17,3,2.3333
baste,2,True,2019-12-17,3,3.0
platycarpous,1,True,2019-12-17,3,4.3333
Gomphrena,0,True,2019-12-17,1,4.0
unceiled,0,True,2019-12-17,3,2.0
romanticistic,1,True,2019-12-17,1,1.0
medjidie,0,True,2019-12-17,4,2.5
antisplitting,0,True,2019-12-17,2,4.5
biometrical,2,True,2019-12-17,3,3.0
podesterate,2,True,2019-12-17,4,3.0
deceleration,0,True,2019-12-17,2,2.0
squush,2,True,2019-12-17,7,3.2857
predigestion,1,True,2019-12-17,1,4.0
facebread,2,True,2019-12-17,2,2.5
torsion,0,True,2019-12-17,6,3.0
Scillonian,2,True,2019-12-17,2,2.0
Catocala,1,True,2019-12-17,2,4.0
frangulic,0,True,2019-12-17,1,3.0
pantaloonery,0,True,2019-12-17,3,3.6667
adenomycosis,1,True,2019-12-17,2,2.0
Chiromyidae,2,True,2019-12-17,2,4.0
they,1,True,2019-12-17,4,2.75
speedwell,0,True,2019-12-17,1,2.0
antiromance,0,True,2019-12-17,6,2.8333
frogskin,1,True,2019-12-17,5,3.2
paxillar,0,True,2019-12-17,3,3.3333
raspingly,0,True,2019-12-17,2,2.5
Ionic,1,True,2019-12-17,2,1.5
benny,0,True,2019-12-17,4,3.5
alectoria,0,True,2019-12-17,3,3.0
inhaustion,0,True,2019-12-17,1,4.0
imagery,2,True,2019-12-17,2,1.0
cryoscopy,0,True,2019-12-17,4,3.0
Pristipomidae,0,True,2019-12-17,3,2.0
saltishness,1,True,2019-12-17,4,3.5
unexpropriable,1,True,2019-12-17,2,2.5
fableist,1,True,2019-12-17,5,3.4
demulsify,1,True,2019-12-17,3,2.6667
panace,1,True,2019-12-17,3,4.0
octodactylous,1,True,2019-12-17,4,4.25
nondisjunct,2,True,2019-12-17,1,4.0
worktime,1,True,2019-12-17,1,1.0
gruntled,1,True,2019-12-17,2,2.0
animi,0,True,2019-12-17,1,5.0
Isolde,1,True,2019-12-17,2,1.5
mure,2,True,2019-12-17,6,2.8333
versine,0,True,2019-12-17,6,3.0
Klondiker,1,True,2019-12-17,3,3.0
inveigh,0,True,2019-12-17,1,3.0
stenocephalia,1,True,2019-12-17,3,1.6667
overreserved,2,True,2019-12-17,5,3.2
palaced,2,True,2019-12-17,4,2.25
compursion,2,True,2019-12-17,1,5.0
Xanthomonas,1,True,2019-12-17,2,3.0
polycrotism,0,True,2019-12-17,2,4.0
somatocyst,0,True,2019-12-17,7,4.1429
limn,0,True,2019-12-17,6,2.5
resilifer,1,True,2019-12-17,6,2.0
forager,0,True,2019-12-17,4,4.0
flota,0,True,2019-12-17,5,3.2
catchpoleship,2,True,2019-12-17,2,4.0
autohypnosis,1,True,2019-12-17,2,2.5
gravimetric,2,True,2019-12-17,4,3.25
lawrightman,2,True,2019-12-17,2,4.5
agal,2,True,2019-12-17,2,4.0
lophiostomate,2,True,2019-12-17,3,3.6667
forklike,2,True,2019-12-17,6,3.0
carapo,2,True,2019-12-17,3,2.3333
unconcludable,1,True,2019-12-17,6,2.6667
incognoscent,2,True,2019-12-17,1,3.0
recut,1,True,2019-12-17,3,2.0
Celia,1,True,2019-12-17,3,3.3333
dunghill,0,True,2019-12-17,2,2.5
skepticize,2,True,2019-12-17,5,2.6
prismal,0,True,2019-12-17,2,3.5
apanthropy,1,True,2019-12-17,2,1.5
pseudohemal,1,True,2019-12-17,6,4.0
iliospinal,0,True,2019-12-17,1,1.0
antiquer,2,True,2019-12-17,1,1.0
adoration,0,True,2019-12-17,3,1.6667
Sepharvites,2,True,2019-12-17,5,3.0
schizopodal,2,True,2019-12-17,2,3.5
traprock,1,True,2019-12-17,7,2.8571
sucupira,2,True,2019-12-17,4,3.0
dime,2,True,2019-12-17,2,4.0
lastspring,2,True,2019-12-17,5,2.8
vaporable,2,True,2019-12-17,3,4.0
Bukidnon,2,True,2019-12-17,6,2.6667
skainsmate,2,True,2019-12-17,7,4.1429
calandria,1,True,2019-12-17,3,3.3333
strontium,0,True,2019-12-17,4,4.0
staymaking,0,True,2019-12-17,4,4.25
unsuspicion,2,True,2019-12-17,5,3.2
retroauricular,0,True,2019-12-17,1,5.0
mesnalty,0,True,2019-12-17,2,3.5
companion,0,True,2019-12-17,6,2.6667
rehypothecate,1,True,2019-12-17,1,5.0
operoseness,1,True,2019-12-17,3,2.0
anticaustic,2,True,2019-12-17,4,2.5
parapsidan,2,True,2019-12-17,4,3.5
nonvenomous,2,True,2019-12-17,3,2.6667
hexasemic,0,True,2019-12-17,3,3.0
Tranzschelia,2,True,2019-12-17,3,1.6667
scryer,0,True,2019-12-17,4,2.0
rapeseed,1,True,2019-12-17,3,4.0
Proboscidea,1,True,2019-12-17,4,4.0
counterattired,2,True,2019-12-17,5,3.2
ichneumonid,1,True,2019-12-17,7,3.0
roadtrack,1,True,2019-12-17,3,3.3333
deicide,1,True,2019-12-17,2,3.0
interlying,1,True,2019-12-17,1,3.0
humoristic,1,True,2019-12-17,4,2.0
ecchymose,2,True,2019-12-17,3,2.0
orthoplastic,0,True,2019-12-17,3,2.3333
additory,1,True,2019-12-17,3,2.3333
mesentery,2,True,2019-12-17,4,4.0
monkship,1,True,2019-12-17,5,3.2
superperson,1,True,2019-12-17,2,4.5
cleanup,2,True,2019-12-17,4,2.25
rhynchocephalous,0,True,2019-12-17,5,3.2
tallis,1,True,2019-12-17,3,3.0
piquancy,0,True,2019-12-17,2,2.0
crippledom,0,True,2019-12-17,3,4.0
periscii,0,True,2019-12-17,9,2.5556
leptochroa,2,True,2019-12-17,4,2.75
tresaiel,0,True,2019-12-17,4,3.75
paludinous,0,True,2019-12-17,3,1.6667
Thymus,1,True,2019-12-17,4,4.25
baseheartedness,2,True,2019-12-17,6,3.8333
radicating,2,True,2019-12-17,3,3.0
beblubber,1,True,2019-12-17,3,2.3333
anophthalmia,0,True,2019-12-17,3,4.3333
violacean,1,True,2019-12-17,5,2.2
pommee,1,True,2019-12-17,1,5.0
egipto,1,True,2019-12-17,2,1.5
lens,1,True,2019-12-17,3,5.0
pawnie,2,True,2019-12-17,1,2.0
unmeditative,2,True,2019-12-17,3,2.0
ribbidge,1,True,2019-12-17,4,3.0
photoepinastically,2,True,2019-12-17,3,3.3333
nonpresbyter,1,True,2019-12-17,3,3.6667
bodhi,0,True,2019-12-17,4,3.25
unactability,1,True,2019-12-17,2,1.5
obeisance,1,True,2019-12-17,2,2.0
enfold,0,True,2019-12-17,3,2.6667
Australopithecinae,2,True,2019-12-17,3,2.6667
Finiglacial,1,True,2019-12-17,1,5.0
vicissitudinary,0,True,2019-12-17,4,3.0
epistoma,0,True,2019-12-17,3,4.0
underreamer,2,True,2019-12-17,4,3.5
sniveling,2,True,2019-12-17,4,3.25
salema,2,True,2019-12-17,6,3.0
discontinuance,0,True,2019-12-17,3,2.0
Azorian,1,True,2019-12-17,3,2.6667
predefeat,2,True,2019-12-17,3,2.6667
Hemibasidiales,1,True,2019-12-17,3,2.3333
untainting,0,True,2019-12-17,6,2.6667
parthenogenetic,1,True,2019-12-17,4,2.75
thalassographic,2,True,2019-12-17,3,3.6667
cumulatively,0,True,2019-12-17,3,3.6667
theophilosophic,0,True,2019-12-17,2,3.5
alecize,0,True,2019-12-17,4,2.75
reeding,1,True,2019-12-17,4,1.5
headphone,2,True,2019-12-17,5,2.8
papulate,2,True,2019-12-17,3,3.3333
coadjutive,2,True,2019-12-17,1,4.0
coppersidesman,2,True,2019-12-17,4,3.25
trappous,0,True,2019-12-17,2,3.5
armlet,2,True,2019-12-17,11,2.7273
pelecypod,0,True,2019-12-17,3,2.3333
reswarm,2,True,2019-12-17,3,2.6667
misdirect,0,True,2019-12-17,4,3.0
luminiferous,2,True,2019-12-17,2,4.5
bothros,1,True,2019-12-17,1,2.0
amnionic,2,True,2019-12-17,3,2.3333
macroanalytical,0,True,2019-12-17,2,3.5
electrotitration,1,True,2019-12-17,2,5.0
unlevied,1,True,2019-12-17,2,2.5
boxing,2,True,2019-12-17,5,2.8
nominally,2,True,2019-12-17,3,3.0
dehydrant,0,True,2019-12-17,4,3.0
Kherwari,2,True,2019-12-17,3,3.3333
rewhirl,1,True,2019-12-17,2,2.5
chakar,0,True,2019-12-17,3,2.3333
stiltish,1,True,2019-12-17,2,5.0
precontrol,1,True,2019-12-17,2,3.0
Israelite,0,True,2019-12-17,3,3.6667
indazine,0,True,2019-12-17,3,3.0
metapneumonic,0,True,2019-12-17,4,3.5
evulse,1,True,2019-12-17,1,5.0
coprisoner,2,True,2019-12-17,1,3.0
milliangstrom,0,True,2019-12-17,5,4.0
Geraniaceae,1,True,2019-12-17,3,2.3333
deplane,0,True,2019-12-17,1,3.0
Scaphiopodidae,0,True,2019-12-17,1,2.0
exposer,2,True,2019-12-17,5,2.2
obfuscable,1,True,2019-12-17,1,5.0
Romanic,2,True,2019-12-17,3,2.3333
antimissionary,1,True,2019-12-17,1,1.0
inconscient,0,True,2019-12-17,3,3.0
incontraction,2,True,2019-12-17,2,1.5
taboparalysis,1,True,2019-12-17,3,3.3333
gypsyish,0,True,2019-12-17,3,2.6667
homesteader,1,True,2019-12-17,1,3.0
saxifragous,2,True,2019-12-17,1,5.0
congealment,1,True,2019-12-17,3,2.0
pseudaxine,2,True,2019-12-17,1,3.0
dutifully,2,True,2019-12-17,2,2.5
nontribesman,2,True,2019-12-17,5,4.4
perimorphism,0,True,2019-12-17,6,2.8333
valency,0,True,2019-12-17,4,3.75
xanthophore,0,True,2019-12-17,3,2.6667
phosphagen,2,True,2019-12-17,3,2.0
playfulness,0,True,2019-12-17,4,3.25
papilliferous,2,True,2019-12-17,1,3.0
waterway,2,True,2019-12-17,3,3.6667
Pascal,0,True,2019-12-17,7,2.8571
electrotelethermometer,2,True,2019-12-17,4,2.25
suprapygal,1,True,2019-12-17,4,3.75
dharma,2,True,2019-12-17,2,3.5
reflower,1,True,2019-12-17,5,2.6
unqualifyingly,0,True,2019-12-17,4,3.0
choirboy,2,True,2019-12-17,4,4.0
unfrowning,0,True,2019-12-17,6,2.6667
scramblingly,0,True,2019-12-17,5,3.2
uncapturable,1,True,2019-12-17,3,3.3333
easily,2,True,2019-12-17,4,3.75
polyarteritis,1,True,2019-12-17,3,4.6667
ecthlipsis,0,True,2019-12-17,4,3.25
Derek,0,True,2019-12-17,1,5.0
suspensor,0,True,2019-12-17,3,4.0
derivationist,2,True,2019-12-17,3,1.3333
superinitiative,2,True,2019-12-17,2,4.5
scoffery,1,True,2019-12-17,6,3.3333
unlust,2,True,2019-12-17,2,3.0
cheesy,1,True,2019-12-17,2,4.0
unstudious,2,True,2019-12-17,3,4.6667
northlight,0,True,2019-12-17,9,2.8889
reinsist,0,True,2019-12-17,3,3.0
frondose,2,True,2019-12-17,3,2.3333
rainbowy,1,True,2019-12-17,1,2.0
lyricism,1,True,2019-12-17,3,3.3333
Ostic,0,True,2019-12-17,1,5.0
moodish,1,True,2019-12-17,1,5.0
Vespa,2,True,2019-12-17,1,2.0
spireless,1,True,2019-12-17,1,1.0
pachyhematous,0,True,2019-12-17,1,5.0
trottie,1,True,2019-12-17,4,3.25
Mukri,0,True,2019-12-17,4,2.25
fibrillation,1,True,2019-12-17,3,3.3333
bronchostomy,1,True,2019-12-17,3,3.3333
aromadendrin,0,True,2019-12-17,7,3.5714
Lotte,0,True,2019-12-17,4,3.25
Calibanism,2,True,2019-12-17,2,3.0
testa,0,True,2019-12-17,3,3.0
forlorn,0,True,2019-12-17,3,2.3333
cancerism,2,True,2019-12-17,2,1.0
former,2,True,2019-12-17,5,3.6
penalty,1,True,2019-12-17,3,3.0
roundelay,1,True,2019-12-17,3,4.0
moldery,2,True,2019-12-17,3,2.0
reanimalize,1,True,2019-12-17,3,2.6667
cesious,2,True,2019-12-17,4,3.75
scoury,1,True,2019-12-17,3,2.6667
palatality,2,True,2019-12-17,3,3.3333
discountenancer,2,True,2019-12-17,5,2.6
coinstantaneous,2,True,2019-12-17,1,3.0
glumpiness,2,True,2019-12-17,2,2.0
Hippurites,0,True,2019-12-17,4,3.5
cerebron,0,True,2019-12-17,2,4.0
farrand,0,True,2019-12-17,2,1.5
mirza,2,True,2019-12-17,5,3.4
overspun,2,True,2019-12-17,6,2.5
voltzite,1,True,2019-12-17,2,3.0
belonite,0,True,2019-12-17,2,1.5
tussis,0,True,2019-12-17,2,4.5
shipmaster,2,True,2019-12-17,6,3.3333
editorialize,1,True,2019-12-17,4,2.75
Celtophobia,0,True,2019-12-17,2,3.5
thoracicolumbar,2,True,2019-12-17,4,2.5
osteodermatous,0,True,2019-12-17,2,2.0
spiro,2,True,2019-12-17,2,2.0
antitonic,0,True,2019-12-17,3,3.0
fulgurator,1,True,2019-12-17,4,1.75
trapped,2,True,2019-12-17,0,0
unleached,2,True,2019-12-17,0,0
daimonion,1,True,2019-12-17,0,0
tanak,2,True,2019-12-17,0,0
muscarine,1,True,2019-12-17,0,0
Hephaestus,2,True,2019-12-17,0,0
impermeableness,1,True,2019-12-17,0,0
twineable,1,True,2019-12-17,0,0
unbuskined,0,True,2019-12-17,0,0
azoxyphenetole,2,True,2019-12-17,0,0
lawbreaker,1,True,2019-12-17,0,0
abody,1,True,2019-12-17,0,0
pathobiologist,1,True,2019-12-17,0,0
despondently,1,True,2019-12-17,0,0
amesite,1,True,2019-12-17,0,0
nonrecommendation,0,True,2019-12-17,0,0
pleuralgic,1,True,2019-12-17,0,0
lacksense,0,True,2019-12-17,0,0
agamont,2,True,2019-12-17,0,0
ortho,2,True,2019-12-17,0,0
nonillion,0,True,2019-12-17,0,0
batterman,1,True,2019-12-17,0,0
micrococcal,2,True,2019-12-17,0,0
conservatory,0,True,2019-12-17,0,0
wombstone,2,True,2019-12-17,0,0
muffler,0,True,2019-12-17,0,0
tergitic,1,True,2019-12-17,0,0
traumatonesis,1,True,2019-12-17,0,0
equivalenced,1,True,2019-12-17,0,0
photelectrograph,1,True,2019-12-17,0,0
rehydrate,0,True,2019-12-17,0,0
supergenerosity,2,True,2019-12-17,0,0
meningococcus,0,True,2019-12-17,0,0
interfluence,1,True,2019-12-17,0,0
